site,label_site,wildtype,mutation,condition,protein_chain,protein_site,site_mean
3,17,G,H,Crei,A,17,15467.65137
3,17,G,K,Crei,A,17,18650.1188
3,17,G,R,Crei,A,17,18145.54006
3,17,G,D,Crei,A,17,14991.7565
3,17,G,E,Crei,A,17,16540.61047
3,17,G,C,Crei,A,17,14462.03057
3,17,G,M,Crei,A,17,17752.70577
3,17,G,N,Crei,A,17,16579.66626
3,17,G,Q,Crei,A,17,21549.3426
3,17,G,S,Crei,A,17,15308.02928
3,17,G,T,Crei,A,17,15000.06005
3,17,G,A,Crei,A,17,16182.42256
3,17,G,I,Crei,A,17,15474.85988
3,17,G,L,Crei,A,17,16074.33094
3,17,G,V,Crei,A,17,16353.4732
3,17,G,F,Crei,A,17,15151.32415
3,17,G,W,Crei,A,17,19115.15141
3,17,G,Y,Crei,A,17,16082.48309
3,17,G,G,Crei,A,17,
3,17,G,P,Crei,A,17,18280.96264
